species,plot,height,axis1,axis2,leaf_fresh_mass,leaf_dry_mass (g),Rest of plant,biomass,LDMC,Leaf area,SLA,Notes
AC,502,16.5,28.4,24.5,0.201,0.031,3.849,3.88,0.154228856,5.18,167.0967742,
AC,505,9.2,34.9,19.8,0.203,0.037,3.338,3.375,0.18226601,5.226,141.2432432,
AC,506,7.4,29.3,11.4,0.111,0.023,0.897,0.92,0.207207207,3.407,148.1304348,
AC,507,18,4.6,1.8,0.15,0.035,0.243,0.278,0.233333333,3.409,97.4,
AC,508,21.9,19.5,9.4,0.154,0.033,1.138,1.171,0.214285714,3.287,99.60606061,
AC,509,25.3,27.6,14.9,0.251,0.044,1.839,1.883,0.175298805,5.387,122.4318182,
AC,512,15.1,22,16,0.149,0.028,1.807,1.835,0.187919463,3.77,134.6428571,
AC,514,17.5,14.3,14,0.081,0.014,1.344,1.358,0.172839506,2.283,163.0714286,
AC,521,23.5,14.5,12,0.141,0.024,1.744,1.768,0.170212766,4.208,175.3333333,
AC,525,16.4,17.6,13,0.192,0.031,0.665,0.696,0.161458333,5.74,185.1612903,
AC,531,13.7,9,7.5,0.179,0.031,0.791,0.822,0.173184358,3.679,118.6774194,
AC,535,22.1,24,15.3,0.159,0.024,2.019,2.043,0.150943396,4.029,167.875,
AC,538,17.1,17.2,14,0.093,0.017,0.687,0.704,0.182795699,2.732,160.7058824,
AC,539,13.1,20,15.4,0.12,0.022,3.688,3.71,0.183333333,3.038,138.0909091,
AC,545,17.6,26.7,16.7,0.134,0.021,4.821,4.842,0.156716418,3.867,184.1428571,
AC,549,13.1,4.5,2,0.07,0.013,0.185,0.198,0.185714286,2.07,159.2307692,
AC,551,15.4,16,13.6,0.131,0.021,1.758,1.779,0.160305344,3.402,162,
AC,553,23,15.6,9.2,0.111,0.019,1.192,1.211,0.171171171,3.342,175.8947368,
AC,555,25.2,16.6,10.5,0.25,0.036,2.013,2.049,0.144,6.223,172.8611111,
AC,558,16,9.4,6.3,0.131,0.024,0.54,0.564,0.183206107,3.575,148.9583333,
AC,559,14.2,13,12.1,0.196,0.03,1.25,1.28,0.153061224,3.394,113.1333333,
AC,561,16.5,20.6,18.1,0.163,0.025,1.456,1.481,0.153374233,4.49,179.6,
AC,565,17.5,23.1,11.4,0.149,0.026,2.663,2.689,0.174496644,3.889,149.5769231,
AC,570,22.9,20.4,7.9,0.177,0.026,0.968,0.994,0.146892655,4.013,154.3461538,
AC,571,10.9,16.1,13.9,0.102,0.017,0.701,0.718,0.166666667,2.897,170.4117647,
AC,572,19.9,13.4,10.5,0.255,0.04,2.025,2.065,0.156862745,5.696,142.4,
AC,573,16.5,19.6,19.1,0.149,0.026,1.191,1.217,0.174496644,3.397,130.6538462,
AC,574,23.6,10.5,4.1,0.143,0.027,0.743,0.77,0.188811189,3.878,143.6296296,
AC,577,9.5,28.3,24.5,0.121,0.018,3.363,3.381,0.148760331,3.213,178.5,
AC,578,18.2,13.8,11,0.117,0.014,1.54,1.554,0.11965812,3.039,217.0714286,
AC,582,18.5,15.5,12,0.135,0.018,0.638,0.656,0.133333333,4.085,226.9444444,
AC,587,11.3,25.3,19,0.134,0.022,2.566,2.588,0.164179104,3.335,151.5909091,
AC,590,21.2,15,13.9,0.138,0.025,0.747,0.772,0.18115942,4.087,163.48,
AC,591,20.7,13.4,11.9,0.106,0.018,1.766,1.784,0.169811321,2.844,158,
AC,595,20.8,18,16.6,0.143,0.023,1.855,1.878,0.160839161,3.515,152.826087,
AC,601,16.1,23.6,9.2,0.133,0.029,1.587,1.616,0.218045113,3.685,127.0689655,
AC,602,19.2,10.9,4.1,0.095,0.02,0.317,0.337,0.210526316,2.761,138.05,
AC,603,20.1,19.7,12.4,0.184,0.034,2.64,2.674,0.184782609,4.484,131.8823529,
AC,604,19.9,8.1,6.6,0.228,0.042,0.894,0.936,0.184210526,5.108,121.6190476,
AC,605,15.6,23.6,14.4,0.115,0.026,3.227,3.253,0.226086957,3.315,127.5,
AC,606,23,26.6,24.5,0.221,0.044,2.693,2.737,0.199095023,5.434,123.5,
AC,608,10.6,9.6,5.4,0.097,0.022,0.358,0.38,0.226804124,2.63,119.5454545,
AC,612,10.3,27.4,26.5,0.135,0.027,6.688,6.715,0.2,3.986,147.6296296,
AC,613,13.7,19,11.5,0.194,0.033,1.882,1.915,0.170103093,4.413,133.7272727,
AC,615,21,24.5,22.2,0.136,,,,,3.449,,
AC,619,16.1,14.5,12.7,0.142,,,,,3.298,,
AC,620,14.8,8.9,6.1,0.128,0.022,0.541,0.563,0.171875,2.753,125.1363636,
AC,626,21.3,25.4,23.8,0.159,,,,,3.967,,
AC,629,7.9,24.2,9.5,0.176,0.036,1.151,1.187,0.204545455,4.123,114.5277778,
AC,633,13.8,10.1,7.5,0.062,0.012,0.315,0.327,0.193548387,2.363,196.9166667,
AC,637,17,19.9,16.8,0.168,0.032,0.616,0.648,0.19047619,4.869,152.15625,
AC,638,17.1,28.9,24.8,0.14,0.032,2.137,2.169,0.228571429,3.665,114.53125,
AC,642,15,22.8,21.5,0.215,0.038,1.657,1.695,0.176744186,5.041,132.6578947,
AC,644,19.6,12.4,11,0.174,,,,,3.577,,
AC,645,7.1,19,16.5,0.168,0.036,0.831,0.867,0.214285714,3.446,95.72222222,
AC,647,15.9,28,21.6,0.181,0.036,1.77,1.806,0.198895028,5.079,141.0833333,
AC,648,21.1,11,8.9,0.143,,,,,3.339,,
AC,649,13.2,18.6,17,0.139,0.024,2.173,2.197,0.172661871,3.288,137,
AC,654,20.6,20.4,14.5,0.162,0.037,1.745,1.782,0.228395062,4.314,116.5945946,
AC,656,16.6,21.4,13.1,0.12,0.026,1.797,1.823,0.216666667,3.422,131.6153846,
AC,659,17.1,16.1,7.4,0.173,0.036,1.485,1.521,0.208092486,2.963,82.30555556,
AC,661,17.1,17.6,11.1,0.119,0.025,1.476,1.501,0.210084034,3.054,122.16,
AC,667,20.1,9.6,9.3,0.185,0.032,0.656,0.688,0.172972973,4.7,146.875,
AC,674,13.4,8.8,8.1,0.076,0.016,0.173,0.189,0.210526316,2.182,136.375,
AC,677,16,21.8,19.5,0.316,0.054,1.841,1.895,0.170886076,6.148,113.8518519,
AC,678,17.3,7.1,5.4,0.146,0.03,0.379,0.409,0.205479452,3.658,121.9333333,
AC,679,24,18.4,15.1,0.141,0.035,1.963,1.998,0.24822695,4.403,125.8,
AC,681,23.1,19.7,14.1,0.204,0.036,2.597,2.633,0.176470588,4.874,135.3888889,
AC,684,23.7,14.1,9.2,0.093,0.019,1.551,1.57,0.204301075,2.827,148.7894737,
AC,686,23.9,6.9,3,0.055,0.013,0.225,0.238,0.236363636,1.805,138.8461538,
AC,691,14.5,11.3,5.6,0.136,0.025,0.38,0.405,0.183823529,3.038,121.52,
AC,695,20,26.6,24.8,0.116,0.021,2.796,2.817,0.181034483,3.297,157,
AC,698,14.4,12,11.1,0.134,0.031,0.442,0.473,0.231343284,2.696,86.96774194,
AC,704,20.7,15.4,12.9,0.209,0.03,0.883,0.913,0.14354067,4.502,150.0666667,
AC,706,17.8,11.5,9.1,0.101,0.017,0.632,0.649,0.168316832,2.708,159.2941176,
AC,707,15.4,14.3,10.6,0.093,0.014,1.271,1.285,0.150537634,2.567,183.3571429,
AC,708,22,21.2,18.9,0.151,0.021,2.139,2.16,0.139072848,4.301,204.8095238,
AC,709,23.3,15,7.4,0.218,0.034,1.996,2.03,0.155963303,5.342,157.1176471,
AC,710,17.4,7.5,2.2,0.109,0.018,0.426,0.444,0.165137615,3.135,174.1666667,
AC,711,22.6,16.3,10.4,0.128,0.024,2.563,2.587,0.1875,3.681,153.375,
AC,712,17.3,19.1,11.7,0.135,0.017,1.604,1.621,0.125925926,3.636,213.8823529,
AC,713,12.1,16,14.8,0.136,0.021,1.03,1.051,0.154411765,3.456,164.5714286,
AC,716,16.8,12.6,10.9,0.162,0.027,0.693,0.72,0.166666667,4.289,158.8518519,
AC,718,13,27.1,19,0.135,0.019,2.237,2.256,0.140740741,3.665,192.8947368,
AC,723,15.2,8.2,5.6,0.151,0.028,0.39,0.418,0.185430464,3.706,132.3571429,
AC,729,9.8,28.7,26.8,0.129,0.022,5.377,5.399,0.170542636,4.28,194.5454545,
AC,732,15.8,18.4,14.7,0.143,0.022,1.759,1.781,0.153846154,3.682,167.3636364,
AC,737,16.4,28.3,20.1,0.16,0.023,1.851,1.874,0.14375,4.528,196.8695652,
AC,739,13.1,15.7,13.9,0.127,0.02,2.764,2.784,0.157480315,3.372,168.6,
AC,740,24,19.9,18.1,0.211,0.033,3.356,3.389,0.156398104,4.71,142.7272727,
AC,742,20.2,12.3,10.8,0.154,0.028,1.734,1.762,0.181818182,4.186,149.5,
AC,743,20.4,20.5,12.3,0.17,0.026,1.884,1.91,0.152941176,4.421,170.0384615,
AC,748,21,11.3,10.9,0.196,0.031,3.211,3.242,0.158163265,4.59,148.0645161,
AC,752,18.4,22.5,16.5,0.106,0.017,1.932,1.949,0.160377358,2.69,158.2352941,
AC,753,18.9,15.6,10.7,0.167,0.026,1.783,1.809,0.155688623,3.838,147.6153846,
AC,755,17.6,14.4,5.9,0.15,0.026,0.92,0.946,0.173333333,3.241,124.6538462,
AC,757,17.2,15.5,7.2,0.088,0.017,0.838,0.855,0.193181818,2.638,155.1764706,
AC,758,17.2,18.1,9.1,0.14,0.022,0.889,0.911,0.157142857,3.365,152.9545455,
AC,763,22.4,21,15.1,0.188,0.027,1.684,1.711,0.143617021,4.562,168.962963,
AC,766,13.2,9.4,8.1,0.075,0.015,0.247,0.262,0.2,2.065,137.6666667,
AC,767,16.1,15.2,12,0.115,0.02,2.429,2.449,0.173913043,2.993,149.65,
AC,769,15.6,19.1,13.9,0.164,0.029,3.1,3.129,0.176829268,4.186,144.3448276,
AC,776,23.9,10.1,7.4,0.133,0.022,0.846,0.868,0.165413534,3.829,174.0454545,
AC,777,19,17.2,11.7,0.133,0.02,1.408,1.428,0.15037594,3.112,155.6,
AC,782,17,14.8,14.2,0.169,0.031,0.751,0.782,0.183431953,3.346,107.9354839,
AC,784,16.6,10.1,8.5,0.1,0.02,0.837,0.857,0.2,2.628,131.4,
AC,785,14.5,8,5.1,0.096,0.02,1.072,1.092,0.208333333,2.357,117.85,
AC,788,15.2,10.5,6,0.181,0.023,0.413,0.436,0.127071823,4.438,192.9565217,
AC,789,16.7,19,18.1,0.147,0.024,2.569,2.593,0.163265306,4.098,170.75,
AC,793,17.4,23.2,20,0.129,0.021,3.302,3.323,0.162790698,3.38,160.952381,
AC,794,23.3,21.5,12.5,0.135,0.022,2.487,2.509,0.162962963,3.657,166.2272727,
AC,796,20.1,21.3,17.9,0.143,0.023,3.76,3.783,0.160839161,3.453,150.1304348,
AC,804,15.5,19.1,7.6,0.141,0.027,1.507,1.534,0.191489362,3.348,124,
AC,805,10.9,10.2,7.5,0.163,0.026,0.572,0.598,0.159509202,3.447,132.5769231,
AC,806,19,18.4,12.1,0.131,0.022,1.803,1.825,0.167938931,3.493,158.7727273,
AC,809,17.3,11.9,11.3,0.176,0.029,0.98,1.009,0.164772727,4.304,148.4137931,
AC,810,16.6,21.2,19.1,0.08,0.016,2.747,2.763,0.2,2.359,147.4375,
AC,814,12.4,6.4,4.9,0.126,0.021,0.321,0.342,0.166666667,3.093,147.2857143,
FE,500,50.2,,,0.033,0.018,0.984,1.002,0.545454545,1.493,82.94444444,
FE,504,51.9,,,0.009,0.006,0.296,0.302,0.666666667,0.259,43.16666667,
FE,505,49.1,,,0.005,0.004,0.126,0.13,0.8,0.343,85.75,
FE,508,53.4,,,0.007,0.005,0.2,0.205,0.714285714,0.383,76.6,
FE,511,76.8,,,0.051,0.021,1.521,1.542,0.411764706,2.553,121.5714286,
FE,517,57.3,,,0.004,0.003,0.402,0.405,0.75,0.278,92.66666667,
FE,519,68.4,,,0.034,0.015,0.518,0.533,0.441176471,1.894,126.2666667,
FE,520,59.8,,,0.034,0.016,0.905,0.921,0.470588235,0.623,38.9375,
FE,524,42.1,,,0.016,0.009,0.407,0.416,0.5625,0.687,76.33333333,
FE,525,49.8,,,0.019,0.012,0.623,0.635,0.631578947,1.327,110.5833333,
FE,526,51.3,,,0.025,0.014,0.352,0.366,0.56,1.003,71.64285714,
FE,531,25.8,,,0.014,0.007,0.591,0.598,0.5,0.598,85.42857143,
FE,533,68.8,,,0.025,0.012,0.777,0.789,0.48,1.324,110.3333333,
FE,534,38.5,,,0.004,0.002,0.184,0.186,0.5,0.286,143,
FE,536,52.7,,,0.004,0.002,0.354,0.356,0.5,0.261,130.5,
FE,537,50.9,,,0.046,0.018,0.937,0.955,0.391304348,1.328,73.77777778,
FE,545,61.7,,,0.039,0.017,0.865,0.882,0.435897436,1.759,103.4705882,
FE,548,52.8,,,0.022,0.009,0.282,0.291,0.409090909,1.032,114.6666667,
FE,550,49,,,0.012,0.004,0.323,0.327,0.333333333,0.628,157,
FE,552,57.3,,,0.022,0.01,0.325,0.335,0.454545455,0.842,84.2,
FE,556,48.9,,,0.026,0.012,0.584,0.596,0.461538462,1.192,99.33333333,
FE,557,52.1,,,0.037,0.014,0.818,0.832,0.378378378,1.241,88.64285714,
FE,559,44.9,,,0.094,0.041,0.777,0.818,0.436170213,3.177,77.48780488,
FE,562,55,,,0.048,0.019,0.663,0.682,0.395833333,2.004,105.4736842,
FE,563,56.9,,,0.02,0.008,0.671,0.679,0.4,0.891,111.375,
FE,566,47.9,,,0.013,0.005,0.301,0.306,0.384615385,0.667,133.4,
FE,571,42,,,0.008,0.002,0.459,0.461,0.25,0.52,260,
FE,573,49.8,,,0.017,0.008,0.629,0.637,0.470588235,,,missing scan
FE,576,36.9,,,0.008,0.002,0.356,0.358,0.25,0.4,200,
FE,579,33,,,0.006,0.003,0.102,0.105,0.5,0.305,101.6666667,
FE,581,32.5,,,0.019,0.007,0.341,0.348,0.368421053,0.894,127.7142857,
FE,582,48.4,,,0.035,0.014,0.748,0.762,0.4,1.52,108.5714286,
FE,584,32.1,,,0.018,0.007,0.408,0.415,0.388888889,0.786,112.2857143,
FE,586,41.7,,,0.014,0.005,0.439,0.444,0.357142857,0.84,168,
FE,587,20.6,,,0.007,0.001,0.034,0.035,0.142857143,0.395,395,
FE,589,50.8,,,0.013,0.006,0.26,0.266,0.461538462,0.466,77.66666667,
FE,596,59.4,,,0.02,0.006,0.704,0.71,0.3,1.006,167.6666667,
FE,597,48.1,,,0.054,0.021,0.763,0.784,0.388888889,2.322,110.5714286,
FE,599,39.5,,,0.002,0.001,0.141,0.142,0.5,0.149,149,
FE,602,52.7,,,0.036,0.015,0.527,0.542,0.416666667,1.485,99,
FE,605,40,,,0.017,0.007,0.185,0.192,0.411764706,0.59,84.28571429,
FE,611,42.2,,,0.007,0.001,0.112,0.113,0.142857143,0.273,273,
FE,614,32.4,,,NA,NA,0.115,0.115,,,,
FE,617,35,,,0.008,0.001,0.142,0.143,0.125,0.392,392,
FE,619,40.7,,,0.005,0.001,0.196,0.197,0.2,0.283,283,
FE,621,36.2,,,0.009,0.001,0.229,0.23,0.111111111,0.608,608,
FE,622,35.8,,,0.009,0.002,0.234,0.236,0.222222222,0.464,232,
FE,623,27.5,,,0.016,0.005,0.195,0.2,0.3125,0.727,145.4,
FE,626,35,,,0.012,0.005,0.17,0.175,0.416666667,0.487,97.4,
FE,631,47.4,,,0.044,0.018,0.513,0.531,0.409090909,2.149,119.3888889,
FE,632,41,,,0.016,0.007,0.286,0.293,0.4375,0.977,139.5714286,
FE,634,41.4,,,0.01,0.002,0.192,0.194,0.2,0.579,289.5,
FE,636,39.6,,,0.017,0.007,0.264,0.271,0.411764706,0.814,116.2857143,
FE,640,35.7,,,,0.002,0.158,0.16,,0.257,128.5,
FE,643,45,,,0.011,0.008,0.368,0.376,0.727272727,0.525,65.625,
FE,645,46.3,,,0.021,0.011,0.453,0.464,0.523809524,1.185,107.7272727,
FE,648,45.1,,,0.024,0.01,0.115,0.125,0.416666667,1.123,112.3,
FE,649,38.7,,,0.008,0.002,0.26,0.262,0.25,0.467,233.5,
FE,652,49.2,,,0.014,0.008,0.509,0.517,0.571428571,0.899,112.375,
FE,655,39.6,,,0.036,0.012,0.595,0.607,0.333333333,1.571,130.9166667,
FE,657,39.6,,,0.021,0.011,0.596,0.607,0.523809524,1.035,94.09090909,
FE,662,28.4,,,0.009,0.004,0.039,0.043,0.444444444,0.667,166.75,
FE,663,66.7,,,0.028,0.01,0.931,0.941,0.357142857,1.005,100.5,
FE,665,36.4,,,0.002,0.001,0.579,0.58,0.5,0.096,96,
FE,668,48,,,0.006,,,,,0.266,,
FE,671,40.6,,,0.02,0.01,0.341,0.351,0.5,0.907,90.7,
FE,672,49.3,,,NA,,0.551,0.551,,,,
FE,675,45.5,,,0.006,,,,,0.28,,
FE,678,53.9,,,0.029,0.014,0.279,0.293,0.482758621,1.316,94,
FE,680,36.4,,,0.003,0.002,0.407,0.409,0.666666667,0.212,106,
FE,685,37.6,,,0.004,0.002,0.188,0.19,0.5,0.334,167,
FE,692,54.4,,,0.022,0.011,0.195,0.206,0.5,0.334,30.36363636,
FE,693,49.5,,,0.047,0.021,0.586,0.607,0.446808511,1.707,81.28571429,
FE,696,48.3,,,0.008,0.005,0.26,0.265,0.625,0.389,77.8,
FE,697,50.1,,,0.023,0.011,1.002,1.013,0.47826087,0.912,82.90909091,
FE,700,39.8,,,0.004,0.001,0.177,0.178,0.25,0.29,290,
FE,704,48.2,,,0.034,0.015,0.537,0.552,0.441176471,1.704,113.6,
FE,707,59,,,0.012,0.007,0.616,0.623,0.583333333,0.653,93.28571429,
FE,711,38.8,,,0.003,0.001,0.105,0.106,0.333333333,0.172,172,
FE,712,36.2,,,0.005,0.004,0.188,0.192,0.8,0.213,53.25,
FE,715,57,,,0.018,0.009,0.558,0.567,0.5,0.75,83.33333333,
FE,720,54.1,,,0.008,0.004,0.434,0.438,0.5,0.463,115.75,
FE,724,45.8,,,NA,,0.236,0.236,,,,
FE,725,46.4,,,0.017,0.006,0.672,0.678,0.352941176,0.611,101.8333333,
FE,726,55.1,,,0.016,0.008,0.314,0.322,0.5,0.827,103.375,
FE,730,48.5,,,0.012,0.006,0.415,0.421,0.5,0.471,78.5,
FE,731,42.9,,,0.011,0.005,0.429,0.434,0.454545455,0.527,105.4,
FE,732,68.6,,,0.027,0.013,1.195,1.208,0.481481481,1.069,82.23076923,
FE,740,55.4,,,0.046,0.019,0.531,0.55,0.413043478,2.162,113.7894737,
FE,741,32.1,,,0.013,0.008,0.15,0.158,0.615384615,0.591,73.875,
FE,744,47.3,,,0.06,0.022,0.869,0.891,0.366666667,2.508,114,
FE,745,38.5,,,0.003,0.001,0.195,0.196,0.333333333,0.223,223,
FE,749,50.9,,,0.006,0.003,0.447,0.45,0.5,0.327,109,
FE,750,55.5,,,0.02,0.01,0.78,0.79,0.5,0.889,88.9,
FE,753,40.9,,,0.011,0.005,0.461,0.466,0.454545455,,,leaf scan missing
FE,758,57.4,,,0.004,0.002,0.498,0.5,0.5,0.193,96.5,
FE,761,56,,,0.009,0.007,0.71,0.717,0.777777778,0.576,82.28571429,
FE,764,40,,,NA,,0.36,0.36,,,,
FE,765,50.2,,,0.011,0.006,0.353,0.359,0.545454545,0.49,81.66666667,
FE,768,51.4,,,0.01,0.006,0.297,0.303,0.6,0.376,62.66666667,
FE,771,42.6,,,0.01,0.006,0.24,0.246,0.6,0.424,70.66666667,
FE,772,46.4,,,0.009,0.007,0.319,0.326,0.777777778,0.692,98.85714286,
FE,775,34.7,,,0.006,0.004,0.1,0.104,0.666666667,0.244,61,
FE,779,33,,,0.004,0.003,0.115,0.118,0.75,0.198,66,
FE,780,49.3,,,NA,,0.225,0.225,,,,
FE,787,38.4,,,NA,,0.208,0.208,,,,
FE,788,47,,,0.003,0.003,0.245,0.248,1,0.31,103.3333333,
FE,790,51.8,,,0.011,0.006,0.361,0.367,0.545454545,0.474,79,
FE,794,51.7,,,0.011,0.007,0.256,0.263,0.636363636,0.523,74.71428571,
FE,796,49.1,,,0.008,0.005,0.623,0.628,0.625,0.41,82,
FE,797,38.4,,,0.006,0.005,0.26,0.265,0.833333333,0.261,52.2,
FE,799,54,,,0.015,0.007,0.464,0.471,0.466666667,0.556,79.42857143,
FE,801,44.1,,,0.005,0.005,0.256,0.261,1,0.263,52.6,
FE,802,43.6,,,0.011,0.006,0.228,0.234,0.545454545,0.461,76.83333333,
PL,501,30,,,0.418,0.087,1.465,1.552,0.208133971,15.849,182.1724138,
PL,501,30.7,15.5,5.5,,,,,,,,
PL,510,30.7,,,0.544,0.101,0.621,0.722,0.185661765,21.631,214.1683168,
PL,510,31.1,13.7,4.6,,,,,,,,
PL,511,26.3,,,0.463,0.1,1.831,1.931,0.215982721,17.24,172.4,
PL,511,19.3,4.7,1.8,,,,,,,,
PL,512,27,,,0.189,0.043,0.503,0.546,0.227513228,8.323,193.5581395,
PL,512,28,7.4,2.3,,,,,,,,
PL,513,32,,,0.517,0.107,0.663,0.77,0.20696325,18.552,173.3831776,
PL,513,26.6,5.4,3.4,,,,,,,,
PL,514,27.2,,,0.302,0.071,0.593,0.664,0.235099338,12.323,173.5633803,
PL,514,22.6,2.9,0.9,,,,,,,,
PL,516,20.5,,,0.087,0.023,0.268,0.291,0.264367816,3.742,162.6956522,
PL,516,25.2,12.8,6.3,,,,,,,,
PL,519,22,,,,0.072,1.126,1.198,,11.87,164.8611111,
PL,519,22.6,9.3,6.4,,,,,,,,
PL,521,19.7,,,0.395,0.098,1.27,1.368,0.248101266,13.908,141.9183673,
PL,521,30.6,11.9,10.1,,,,,,,,
PL,523,24.3,,,0.462,0.109,1.409,1.518,0.235930736,18.182,166.8073394,
PL,523,32.4,7.9,7.6,,,,,,,,
PL,526,24.6,,,0.237,0.065,0.542,0.607,0.274261603,10.414,160.2153846,
PL,526,28.6,10.1,5.2,,,,,,,,
PL,527,29.4,,,0.555,0.125,0.589,0.714,0.225225225,20.627,165.016,
PL,527,28.9,4,1.4,,,,,,,,
PL,528,29.1,,,0.566,0.117,1.569,1.686,0.206713781,19.485,166.5384615,
PL,528,29.3,9.4,6.5,,,,,,,,
PL,530,25.1,,,0.361,0.094,1.578,1.672,0.260387812,14.554,154.8297872,
PL,530,25.1,8.4,3.9,,,,,,,,
PL,536,22.1,,,0.333,0.086,1.361,1.447,0.258258258,13.17,153.1395349,
PL,536,24.5,5.3,4.2,,,,,,,,
PL,537,16.3,1.4,0.6,,,,,,,,
PL,541,17.7,,,0.241,0.062,0.589,0.651,0.257261411,10.593,170.8548387,
PL,541,10.3,4.6,2.3,,,,,,,,
PL,543,25.9,,,0.328,0.073,0.694,0.767,0.222560976,13.011,178.2328767,
PL,543,23.2,10.1,6.4,,,,,,,,
PL,546,21.4,,,0.424,0.111,0.887,0.998,0.261792453,15.129,136.2972973,
PL,546,22.3,5.3,4.8,,,,,,,,
PL,553,24.8,,,0.123,0.038,0.39,0.428,0.308943089,6.302,165.8421053,
PL,553,23.9,6.8,5.9,,,,,,,,
PL,554,17.9,,,0.201,0.047,0.55,0.597,0.233830846,9.042,192.3829787,
PL,554,23.3,6.3,4.8,,,,,,,,
PL,556,16.9,,,0.17,0.04,0.257,0.297,0.235294118,7.884,197.1,
PL,556,26.3,8.3,6.1,,,,,,,,
PL,557,19.5,,,0.183,0.047,0.9,0.947,0.256830601,8.512,181.106383,
PL,558,21.4,,,0.264,0.067,1.029,1.096,0.253787879,11.517,171.8955224,
PL,560,27,,,0.272,0.064,0.563,0.627,0.235294118,11.316,176.8125,
PL,560,24.2,8.3,6.4,,,,,,,,
PL,564,25.6,,,0.47,0.106,1.562,1.668,0.225531915,16.372,154.4528302,
PL,564,30.8,10.7,7.9,,,,,,,,
PL,565,29.3,,,0.667,0.146,1.462,1.608,0.218890555,29.075,199.1438356,
PL,565,22.6,5.8,3.1,,,,,,,,
PL,566,14.3,4.7,2.4,,,,,,,,
PL,567,26.8,,,0.41,0.102,1.151,1.253,0.248780488,15.238,149.3921569,
PL,567,24.2,8.4,5.9,,,,,,,,
PL,569,24.1,,,0.498,0.139,0.939,1.078,0.279116466,21.133,152.0359712,
PL,569,19.8,7.7,6.6,,,,,,,,
PL,573,18.8,,,0.184,0.051,0.433,0.484,0.277173913,8.057,157.9803922,
PL,573,18.1,3.9,3.4,,,,,,,,
PL,574,20.3,,,0.175,0.05,0.351,0.401,0.285714286,7.433,148.66,
PL,574,27.4,16.6,5.7,,,,,,,,
PL,579,17.2,,,0.116,0.03,0.57,0.6,0.25862069,5.371,179.0333333,
PL,579,15.9,3.4,1.5,,,,,,,,
PL,583,21.9,,,0.311,0.069,0.567,0.636,0.221864952,12.735,184.5652174,
PL,583,14.1,2.9,1.7,,,,,,,,
PL,584,18.6,,,0.241,0.065,0.926,0.991,0.269709544,10.012,154.0307692,
PL,584,14.2,4.6,4.4,,,,,,,,
PL,585,16.6,,,0.121,0.031,0.263,0.294,0.256198347,5.354,172.7096774,
PL,585,16.3,4.8,4,,,,,,,,
PL,586,10.9,2.7,2.2,,,,,,,,
PL,588,27.8,,,0.301,0.085,1.038,1.123,0.282392027,13.923,163.8,
PL,588,28.6,8.1,7,,,,,,,,
PL,596,20.6,,,0.203,0.054,1.412,1.466,0.266009852,9.752,180.5925926,
PL,596,23.1,6.6,4.6,,,,,,,,
PL,598,19,,,0.165,0.036,0.306,0.342,0.218181818,6.249,173.5833333,
PL,598,23.3,6.7,4.3,,,,,,,,
PL,600,20.2,,,0.458,0.111,1.397,1.508,0.242358079,18.065,162.7477477,
PL,600,21.2,5.4,3.3,,,,,,,,
PL,603,17.5,,,0.128,0.028,0.191,0.219,0.21875,5.25,187.5,
PL,603,22.3,7.9,5.5,,,,,,,,
PL,604,19.6,,,0.346,0.086,1.304,1.39,0.248554913,14.384,167.255814,
PL,604,20.6,6.3,5,,,,,,,,
PL,607,15.4,,,0.053,0.018,0.142,0.16,0.339622642,2.511,139.5,
PL,607,18.5,3.3,2.4,,,,,,,,
PL,609,18.4,,,0.149,0.034,0.238,0.272,0.228187919,6.495,191.0294118,
PL,609,20.1,4.8,4.4,,,,,,,,
PL,611,13.6,2.5,1,,,,,,,,
PL,612,20.2,,,0.37,0.089,1.131,1.22,0.240540541,15.798,177.505618,
PL,612,19.6,8.4,6.5,,,,,,,,
PL,617,21.3,,,0.374,0.087,1.012,1.099,0.232620321,14.616,168,
PL,617,13,3,0.8,,,,,,,,
PL,620,22.6,,,0.237,0.053,0.449,0.502,0.223628692,10.128,191.0943396,
PL,620,20.6,5.4,4.4,,,,,,,,
PL,621,26.3,,,0.374,0.086,0.98,1.066,0.229946524,15.809,183.8255814,
PL,621,18.5,4.4,2.6,,,,,,,,
PL,623,11.1,2.5,1.9,,,,,,,,
PL,624,14.4,,,0.048,0.016,0.075,0.091,0.333333333,2.898,181.125,
PL,624,16,3.1,2.1,,,,,,,,
PL,625,23.6,,,0.166,0.04,0.164,0.204,0.240963855,6.217,155.425,
PL,625,24,5.9,5.8,,,,,,,,
PL,628,23.8,,,0.457,0.097,1.097,1.194,0.212253829,19.173,197.6597938,
PL,628,19.3,5.9,3.3,,,,,,,,
PL,629,23.1,,,0.295,0.066,1.242,1.308,0.223728814,13.214,200.2121212,
PL,629,16.1,5.5,5.1,,,,,,,,
PL,630,20,,,0.211,0.045,0.34,0.385,0.213270142,8.658,192.4,
PL,630,17.8,4.1,2.3,,,,,,,,
PL,636,17.5,,,0.303,0.07,1.416,1.486,0.231023102,12.094,172.7714286,
PL,636,18.3,4.5,4.4,,,,,,,,
PL,640,21.1,,,0.205,0.046,0.355,0.401,0.224390244,9.254,201.173913,
PL,640,21,5.9,4.4,,,,,,,,
PL,641,26.6,,,0.275,0.062,0.555,0.617,0.225454545,,,missing leaf scan
PL,641,25.1,7.4,5.6,,,,,,,,
PL,642,20.6,,,0.305,0.061,0.906,0.967,0.2,10.739,176.0491803,
PL,642,16.9,5.9,3,,,,,,,,
PL,646,16.8,,,0.147,0.038,0.739,0.777,0.258503401,6.203,163.2368421,
PL,646,12.1,4.1,1.4,,,,,,,,
PL,650,24.1,,,0.233,0.059,0.345,0.404,0.253218884,9.507,161.1355932,
PL,650,14.9,2.5,1.1,,,,,,,,
PL,651,19.8,,,0.388,0.088,0.933,1.021,0.226804124,13.775,156.5340909,
PL,651,21.5,5.9,5,,,,,,,,
PL,653,19.2,5,3.1,,,,,,,,
PL,659,21.8,,,0.186,0.045,0.317,0.362,0.241935484,8.325,185,
PL,659,22.9,8.7,8.4,,,,,,,,
PL,660,15.5,,,0.183,0.042,0.615,0.657,0.229508197,7.528,179.2380952,
PL,660,11.2,3.4,1.9,,,,,,,,
PL,663,24.2,,,0.34,0.062,0.438,0.5,0.182352941,12.503,201.6612903,
PL,663,16.9,3.8,3,,,,,,,,
PL,664,22.5,,,0.307,0.075,0.576,0.651,0.244299674,12.563,167.5066667,
PL,664,18.1,4.9,3.6,,,,,,,,
PL,665,17.5,,,0.188,0.048,0.297,0.345,0.255319149,7.918,164.9583333,
PL,665,18.9,4.1,3.9,,,,,,,,
PL,667,23.8,,,0.157,0.045,0.13,0.175,0.286624204,6.165,137,
PL,667,18.1,6,2.5,,,,,,,,
PL,670,15.2,4.6,2.5,,,,,,,,
PL,672,21.8,,,0.273,0.061,1.196,1.257,0.223443223,10.326,169.2786885,
PL,672,17.5,4.5,2.4,,,,,,,,
PL,674,23.5,,,0.195,0.05,0.2,0.25,0.256410256,8.053,161.06,
PL,674,25.1,6.9,5.6,,,,,,,,
PL,676,12.6,,,0.086,0.02,0.14,0.16,0.23255814,3.66,183,
PL,676,7.1,1.9,0.8,,,,,,,,
PL,677,22.2,,,0.321,0.072,1.08,1.152,0.224299065,11.637,161.625,
PL,677,19.8,5.5,3,,,,,,,,
PL,682,22.7,,,0.343,0.079,0.985,1.064,0.2303207,13.156,166.5316456,
PL,682,22.9,8.4,4.8,,,,,,,,
PL,685,12.8,,,0.05,0.014,0.119,0.133,0.28,1.789,127.7857143,
PL,685,17.7,3.1,0.6,,,,,,,,
PL,687,17.9,,,0.175,0.044,0.404,0.448,0.251428571,7.298,165.8636364,
PL,687,23.1,5.6,3.9,,,,,,,,
PL,690,19.7,,,0.103,0.025,0.12,0.145,0.242718447,4.501,180.04,
PL,690,16.6,5.4,2.7,,,,,,,,
PL,694,23.6,,,0.228,0.06,0.409,0.469,0.263157895,10.156,169.2666667,
PL,696,20.7,,,0.301,0.069,1.236,1.305,0.22923588,12.078,175.0434783,
PL,696,19.6,8,3.9,,,,,,,,
PL,697,22.5,,,0.347,0.092,0.522,0.614,0.265129683,13.06,141.9565217,
PL,697,20.6,6.8,5.9,,,,,,,,
PL,698,15.1,,,0.075,0.018,0.253,0.271,0.24,3.447,191.5,
PL,698,17.3,4.1,3.9,,,,,,,,
PL,701,20.4,5.1,4.6,,,,,,,,
PL,702,21.6,,,0.209,0.048,0.478,0.526,0.229665072,8.15,169.7916667,
PL,702,22.6,6.9,3.5,,,,,,,,
PL,703,26.4,,,0.223,0.053,0.635,0.688,0.237668161,8.601,162.2830189,
PL,703,12.5,4,3.2,,,,,,,,
PL,706,25.1,,,0.324,0.072,0.646,0.718,0.222222222,15.137,210.2361111,
PL,706,19.8,6.4,3.1,,,,,,,,
PL,714,20.2,,,0.208,0.052,0.21,0.262,0.25,8.801,169.25,
PL,714,18.5,4.9,1.5,,,,,,,,
PL,715,26.7,,,0.356,0.082,0.69,0.772,0.230337079,13.084,159.5609756,
PL,715,23.4,8.5,4.3,,,,,,,,
PL,716,30.3,,,0.888,0.207,2.526,2.733,0.233108108,35.425,171.1352657,
PL,717,21.9,,,0.296,0.068,0.735,0.803,0.22972973,11.765,173.0147059,
PL,720,20.9,,,0.322,0.08,1.356,1.436,0.248447205,11.353,141.9125,
PL,721,15.3,,,0.138,0.03,0.197,0.227,0.217391304,5.551,185.0333333,
PL,728,23.5,,,0.6,0.121,1.157,1.278,0.201666667,21.04,173.8842975,
PL,729,16.3,,,0.136,0.038,0.266,0.304,0.279411765,5.479,144.1842105,
PL,731,17.5,,,0.351,0.086,1.369,1.455,0.245014245,12.668,147.3023256,
PL,733,22.3,,,0.258,0.062,0.527,0.589,0.240310078,10.634,171.516129,
PL,736,14.7,,,0.217,0.054,0.359,0.413,0.248847926,8.476,156.962963,
PL,739,23.8,,,0.358,0.089,2.93,3.019,0.248603352,14.314,160.8314607,
PL,742,17.6,,,0.199,0.05,0.284,0.334,0.251256281,8.231,164.62,
PL,746,24,,,0.12,0.036,0.168,0.204,0.3,5.356,148.7777778,
PL,747,25.2,,,0.379,0.097,0.926,1.023,0.255936675,14.014,144.4742268,
PL,749,18.1,,,0.173,0.048,0.834,0.882,0.277456647,7.41,154.375,
PL,755,21.8,,,0.288,0.068,0.665,0.733,0.236111111,11.206,164.7941176,
PL,760,19.2,,,0.182,0.043,0.228,0.271,0.236263736,7.722,179.5813953,
PL,761,23,,,0.167,0.042,0.546,0.588,0.251497006,7.583,180.547619,
PL,762,18.5,,,0.187,0.046,0.291,0.337,0.245989305,7.667,166.673913,
PL,766,20.9,,,0.222,0.057,0.365,0.422,0.256756757,8.754,153.5789474,
PL,769,24,,,0.442,0.1,2.355,2.455,0.226244344,15.106,151.06,
PL,770,17.4,,,0.208,0.052,0.691,0.743,0.25,8.24,158.4615385,
PL,772,22.4,,,0.316,0.078,0.927,1.005,0.246835443,12.176,156.1025641,
PL,773,23.6,,,0.415,0.092,0.736,0.828,0.221686747,14.506,157.673913,
PL,777,25.8,,,0.168,0.059,0.911,0.97,0.351190476,10.448,177.0847458,
PL,778,20.7,,,0.227,0.05,0.667,0.717,0.220264317,8.472,169.44,
PL,780,24.6,,,0.369,0.094,1.339,1.433,0.254742547,13.281,141.287234,
PL,785,15.6,,,0.115,0.028,0.256,0.284,0.243478261,4.349,155.3214286,
PL,786,19,,,0.218,0.058,0.299,0.357,0.266055046,8.578,147.8965517,
PL,791,15.2,,,0.05925,0.016,0.259,0.275,0.270042194,2.719,169.9375,
PL,792,15.4,,,0.13,0.035,0.324,0.359,0.269230769,6.48,185.1428571,
PL,795,21.6,,,0.199,0.052,0.548,0.6,0.261306533,7.811,150.2115385,
PL,798,14.9,,,0.128,0.036,0.162,0.198,0.28125,5.831,161.9722222,
PL,801,15.9,,,0.276,0.065,0.731,0.796,0.235507246,10.979,168.9076923,
PL,803,13.7,,,0.064,0.019,0.095,0.114,0.296875,3.63,191.0526316,
PL,804,13.5,,,0.083,0.022,0.209,0.231,0.265060241,3.527,160.3181818,
PL,805,23.4,,,0.299,0.074,0.601,0.675,0.247491639,13.016,175.8918919,
PL,811,14,,,0.165,0.042,0.705,0.747,0.254545455,6.468,154,
PL,812,19.5,,,0.271,0.07,0.784,0.854,0.258302583,11.143,159.1857143,
SA,501,35.8,,,0.261,0.043,2.278,2.321,0.164750958,8.36,194.4186047,
SA,503,15.9,,,0.107,0.021,0.262,0.283,0.196261682,3.302,157.2380952,
SA,504,21.4,,,0.286,0.053,0.443,0.496,0.185314685,9.419,177.7169811,
SA,506,27.5,,,0.355,0.068,0.96,1.028,0.191549296,11.075,162.8676471,
SA,509,27.4,,,0.4,0.078,0.787,0.865,0.195,11.629,149.0897436,
SA,515,13.7,,,0.07,0.015,0.156,0.171,0.214285714,2.289,152.6,
SA,520,16.9,,,0.145,0.028,0.333,0.361,0.193103448,4.112,146.8571429,
SA,524,9.8,,,0.036,0.009,0.074,0.083,0.25,1.466,162.8888889,
SA,527,10.3,,,0.051,0.009,0.087,0.096,0.176470588,1.917,213,
SA,529,7.8,,,0.023,0.003,0.061,0.064,0.130434783,1.103,367.6666667,
SA,530,16,,,0.113,0.023,0.142,0.165,0.203539823,3.572,155.3043478,
SA,532,14.6,,,0.164,0.03,0.127,0.157,0.182926829,5.463,182.1,
SA,534,20.9,,,0.258,0.053,0.574,0.627,0.205426357,7.519,141.8679245,
SA,535,19,,,0.11,0.019,0.279,0.298,0.172727273,3.112,163.7894737,
SA,539,9.2,,,0.056,0.012,0.075,0.087,0.214285714,1.883,156.9166667,
SA,542,8.2,,,0.06,0.012,0.062,0.074,0.2,1.987,165.5833333,
SA,543,12.8,,,0.129,0.023,0.199,0.222,0.178294574,3.811,165.6956522,
SA,547,24.1,,,0.305,0.059,0.656,0.715,0.193442623,9.118,154.5423729,
SA,550,18,,,0.185,0.036,0.198,0.234,0.194594595,6.903,191.75,
SA,551,24,,,0.399,0.071,0.891,0.962,0.177944862,10.635,149.7887324,
SA,555,16.2,,,0.181,0.033,0.423,0.456,0.182320442,6.327,191.7272727,
SA,560,26.5,,,0.219,0.051,0.768,0.819,0.232876712,6.404,125.5686275,
SA,562,20.9,,,0.146,0.028,0.279,0.307,0.191780822,4.804,171.5714286,
SA,563,15.6,,,0.104,0.021,0.234,0.255,0.201923077,3.064,145.9047619,
SA,564,25.9,,,0.514,0.105,0.557,0.662,0.204280156,14.843,141.3619048,
SA,568,14.4,,,0.1,0.019,0.128,0.147,0.19,3.181,167.4210526,
SA,569,10.7,,,0.129,0.026,0.075,0.101,0.201550388,5.18,199.2307692,
SA,570,20.8,,,0.293,0.056,0.281,0.337,0.19112628,7.781,138.9464286,
SA,573,15.1,,,0.063,0.012,0.14,0.152,0.19047619,2.486,207.1666667,
SA,577,15.4,,,0.086,0.016,0.131,0.147,0.186046512,1.464,91.5,
SA,580,7.3,,,0.036,0.008,0.047,0.055,0.222222222,1.415,176.875,
SA,581,18.2,,,0.085,0.021,0.202,0.223,0.247058824,3.097,147.4761905,
SA,586,23.4,,,0.276,0.051,0.699,0.75,0.184782609,7.94,155.6862745,
SA,588,12.5,,,0.064,0.012,0.114,0.126,0.1875,2.154,179.5,
SA,591,29.4,,,0.244,0.045,0.679,0.724,0.18442623,8.384,186.3111111,
SA,594,8.3,,,0.028,0.005,0.046,0.051,0.178571429,1.106,221.2,
SA,595,14.9,,,0.053,0.012,0.135,0.147,0.226415094,1.995,166.25,
SA,597,32.3,,,0.637,0.136,0.735,0.871,0.213500785,7.283,53.55147059,
SA,600,12,,,0.071,0.018,0.094,0.112,0.253521127,1.317,73.16666667,
SA,609,6.9,,,0.031,0.005,0.031,0.036,0.161290323,1.441,288.2,
SA,613,22.6,,,0.564,0.112,0.871,0.983,0.19858156,15.883,141.8125,
SA,614,6,,,0.048,0.009,0.043,0.052,0.1875,1.784,198.2222222,
SA,615,29.8,,,0.769,0.134,1.29,1.424,0.174252276,23.94,178.6567164,
SA,616,7.8,,,0.069,0.011,0.034,0.045,0.15942029,2.855,259.5454545,
SA,618,11.3,,,0.047,0.009,0.091,0.1,0.191489362,1.938,215.3333333,
SA,622,21.8,,,0.242,0.041,0.352,0.393,0.169421488,6.717,163.8292683,
SA,625,16.3,,,0.09,0.017,0.165,0.182,0.188888889,2.995,176.1764706,
SA,627,6.4,,,0.101,0.017,0.046,0.063,0.168316832,3.738,219.8823529,
SA,628,4.9,,,0.025,0.004,0.022,0.026,0.16,1.014,253.5,
SA,631,16.3,,,0.041,0.008,0.207,0.215,0.195121951,1.366,170.75,
SA,632,5.3,,,0.021,0.005,0.025,0.03,0.238095238,0.861,172.2,
SA,637,11.5,,,0.057,0.012,0.065,0.077,0.210526316,2.372,197.6666667,
SA,639,14.6,,,0.105,0.02,0.13,0.15,0.19047619,3.322,166.1,
SA,641,13.4,,,0.18,0.029,0.134,0.163,0.161111111,6.159,212.3793103,
SA,644,27.3,,,0.243,0.049,0.669,0.718,0.201646091,7.156,146.0408163,
SA,647,9.8,,,0.067,0.012,0.067,0.079,0.179104478,2.265,188.75,
SA,651,29,,,0.415,0.069,0.844,0.913,0.16626506,14.194,205.7101449,
SA,655,12.6,,,0.05,0.009,0.141,0.15,0.18,1.806,200.6666667,
SA,656,18.5,,,0.132,0.021,0.225,0.246,0.159090909,3.999,190.4285714,
SA,657,13,,,0.213,0.046,0.397,0.443,0.215962441,6.107,132.7608696,
SA,660,8.1,,,0.048,0.009,0.058,0.067,0.1875,1.552,172.4444444,
SA,666,5.8,,,0.024,0.003,0.021,0.024,0.125,1.094,364.6666667,
SA,669,10.7,,,0.058,0.012,0.103,0.115,0.206896552,2.16,180,
SA,670,12.7,,,0.056,0.01,0.107,0.117,0.178571429,1.891,189.1,
SA,675,11.8,,,0.099,0.021,0.125,0.146,0.212121212,3.581,170.5238095,
SA,676,13.2,,,0.054,0.01,0.172,0.182,0.185185185,1.704,170.4,
SA,679,14.1,,,0.179,0.037,0.163,0.2,0.206703911,5.645,152.5675676,
SA,681,22.5,,,0.873,0.166,1.066,1.232,0.190148912,25.715,154.9096386,
SA,683,16.7,,,0.113,0.024,0.258,0.282,0.212389381,3.425,142.7083333,
SA,687,12.7,,,0.088,0.015,0.137,0.152,0.170454545,3.457,230.4666667,
SA,689,8.8,,,0.036,0.005,0.064,0.069,0.138888889,1.129,225.8,
SA,691,22.6,,,0.165,0.03,0.527,0.557,0.181818182,4.974,165.8,
SA,692,16.9,,,0.067,0.014,0.18,0.194,0.208955224,2.507,179.0714286,
SA,693,16.3,,,0.203,0.044,0.374,0.418,0.216748768,3.205,,Quality issue with leaf scan
SA,702,18.4,,,0.438,0.086,0.487,0.573,0.196347032,12.504,145.3953488,
SA,703,14.8,,,0.093,0.018,0.159,0.177,0.193548387,3.464,192.4444444,
SA,705,8.2,,,0.059,0.01,0.061,0.071,0.169491525,2.497,249.7,
SA,708,10,,,0.092,0.017,0.116,0.133,0.184782609,3.039,178.7647059,
SA,710,11,,,0.095,0.007,0.1,0.107,0.073684211,1.519,217,
SA,714,19.1,,,0.133,0.025,0.419,0.444,0.187969925,4.057,162.28,
SA,718,8.2,,,0.035,0.007,0.078,0.085,0.2,1.378,196.8571429,
SA,719,15.6,,,0.058,0.012,0.157,0.169,0.206896552,1.604,133.6666667,
SA,725,18.8,,,0.106,0.022,0.328,0.35,0.20754717,3.03,137.7272727,
SA,726,10.4,,,0.022,0.004,0.066,0.07,0.181818182,0.817,204.25,
SA,727,7.5,,,0.066,0.006,0.053,0.059,0.090909091,0.934,155.6666667,
SA,728,7.5,,,0.039,0.01,0.056,0.066,0.256410256,1.293,129.3,
SA,734,27.9,,,0.262,0.058,0.582,0.64,0.221374046,8.192,141.2413793,
SA,737,28.6,,,0.582,0.109,1.354,1.463,0.187285223,15.691,143.9541284,
SA,745,13.2,,,0.231,0.044,0.158,0.202,0.19047619,7.227,164.25,
SA,746,4.4,,,0.082,0.017,0.03,0.047,0.207317073,3.06,180,
SA,747,7.8,,,0.087,0.016,0.112,0.128,0.183908046,2.868,179.25,
SA,748,15,,,0.231,0.055,0.23,0.285,0.238095238,7.017,127.5818182,
SA,750,27.3,,,0.77,0.145,0.676,0.821,0.188311688,20.884,144.0275862,
SA,751,10.8,,,0.048,0.009,0.069,0.078,0.1875,1.598,177.5555556,
SA,752,18.8,,,0.197,0.037,0.318,0.355,0.187817259,5.997,162.0810811,
SA,756,11.3,,,0.102,0.009,0.123,0.132,0.088235294,1.733,192.5555556,
SA,757,15.5,,,0.052,0.012,0.176,0.188,0.230769231,1.768,147.3333333,
SA,762,20.3,,,0.397,0.08,0.375,0.455,0.201511335,11.494,143.675,
SA,765,18.2,,,0.826,0.206,1.467,1.673,0.249394673,22.459,109.0242718,
SA,766,16.3,,,0.169,0.027,0.316,0.343,0.159763314,4.305,159.4444444,
SA,768,10.1,,,0.161,0.027,0.098,0.125,0.167701863,3.459,128.1111111,
SA,773,17.7,,,0.199,0.04,0.299,0.339,0.201005025,5.298,132.45,
SA,774,24.9,,,0.109,0.025,0.287,0.312,0.229357798,4.459,178.36,
SA,775,12.2,,,0.039,0.007,0.147,0.154,0.179487179,1.066,152.2857143,
SA,778,11.6,,,0.128,0.031,0.068,0.099,0.2421875,4.328,139.6129032,
SA,783,8.6,,,0.141,0.036,0.072,0.108,0.255319149,4.414,122.6111111,
SA,784,6.1,,,0.033,0.005,0.048,0.053,0.151515152,1.032,206.4,
SA,787,17.7,,,0.237,0.036,0.257,0.293,0.151898734,5.901,163.9166667,
SA,789,25,,,0.726,0.124,0.654,0.778,0.170798898,18.598,149.983871,
SA,795,13.1,,,0.07,0.011,0.13,0.141,0.157142857,2.162,196.5454545,
SA,797,15,,,0.087,0.018,0.18,0.198,0.206896552,2.833,157.3888889,
SA,798,5.9,,,0.033,0.006,0.05,0.056,0.181818182,1.186,197.6666667,
SA,799,15.8,,,0.137,0.031,0.172,0.203,0.226277372,3.287,106.0322581,
SA,800,15.3,,,0.331,0.064,0.163,0.227,0.193353474,7.457,116.515625,
SA,806,12.9,,,0.186,0.035,0.151,0.186,0.188172043,5.597,159.9142857,
SA,810,24.8,,,0.485,0.092,0.858,0.95,0.189690722,14.998,163.0217391,
UR,500,19.8,,,,,,,,,,
UR,502,33.3,,,,,,,,,,
UR,503,39.2,,,,,,,,,,
UR,507,39.9,,,,,,,,,,
UR,510,34.9,,,,,,,,,,
UR,515,29.5,,,,,,,,,,
UR,516,23.4,,,,,,,,,,
UR,517,35.3,,,,,,,,,,
UR,522,29.8,,,,,,,,,,
UR,528,33.5,,,,,,,,,,
UR,529,30.4,,,,,,,,,,
UR,532,32.6,,,,,,,,,,
UR,533,35.4,,,,,,,,,,
UR,537,27,,,,,,,,,,
UR,538,27.8,,,,,,,,,,
UR,541,27.3,,,,,,,,,,
UR,542,29.3,,,,,,,,,,
UR,546,30.4,,,,,,,,,,
UR,547,34.8,,,,,,,,,,
UR,548,36.9,,,,,,,,,,
UR,549,36.7,,,,,,,,,,
UR,552,38.4,,,,,,,,,,
UR,554,34.5,,,,,,,,,,
UR,558,34,,,,,,,,,,
UR,561,34.7,,,,,,,,,,
UR,566,32.8,,,,,,,,,,
UR,567,26.7,,,,,,,,,,
UR,568,31.9,,,,,,,,,,
UR,572,36.6,,,,,,,,,,
UR,576,30.8,,,,,,,,,,
UR,578,29.8,,,,,,,,,,
UR,580,27.1,,,,,,,,,,
UR,583,28.7,,,,,,,,,,
UR,585,28.9,,,,,,,,,,
UR,589,26.2,,,,,,,,,,
UR,590,37,,,,,,,,,,
UR,593,35.7,,,,,,,,,,
UR,594,29.3,,,,,,,,,,
UR,598,25.6,,,,,,,,,,
UR,599,31.7,,,,,,,,,,
UR,601,28.8,,,,,,,,,,
UR,606,34.1,,,,,,,,,,
UR,607,32.5,,,,,,,,,,
UR,608,34.5,,,,,,,,,,
UR,611,27.4,,,,,,,,,,
UR,616,30.3,,,,,,,,,,
UR,618,30.9,,,,,,,,,,
UR,623,26.6,,,,,,,,,,
UR,624,21.4,,,,,,,,,,
UR,627,20.7,,,,,,,,,,
UR,630,23.4,,,,,,,,,,
UR,633,35.7,,,,,,,,,,
UR,634,24.3,,,,,,,,,,
UR,638,25.5,,,,,,,,,,
UR,639,25.4,,,,,,,,,,
UR,643,19.2,,,,,,,,,,
UR,646,20.1,,,,,,,,,,
UR,650,35.3,,,,,,,,,,
UR,652,28.4,,,,,,,,,,
UR,653,24,,,,,,,,,,
UR,654,27.9,,,,,,,,,,
UR,661,24.7,,,,,,,,,,
UR,662,24.5,,,,,,,,,,
UR,664,28.1,,,,,,,,,,
UR,666,27.2,,,,,,,,,,
UR,668,23.9,,,,,,,,,,
UR,669,11.9,,,,,,,,,,
UR,670,21.4,,,,,,,,,,
UR,673,29.8,,,,,,,,,,
UR,680,20.1,,,,,,,,,,
UR,682,34.8,,,,,,,,,,
UR,683,24.7,,,,,,,,,,
UR,684,28.1,,,,,,,,,,
UR,689,29.8,,,,,,,,,,
UR,690,22.4,,,,,,,,,,
UR,694,20.8,,,,,,,,,,
UR,695,15.9,,,,,,,,,,
UR,700,18.3,,,,,,,,,,
UR,701,21.6,,,,,,,,,,
UR,705,28.8,,,,,,,,,,
UR,709,30.3,,,,,,,,,,
UR,713,12.6,,,,,,,,,,
UR,717,25.1,,,,,,,,,,
UR,719,22.1,,,,,,,,,,
UR,721,24.2,,,,,,,,,,
UR,721,24.2,,,,,,,,,,
UR,723,30.7,,,,,,,,,,
UR,723,30.7,,,,,,,,,,
UR,724,19.2,,,,,,,,,,
UR,724,19.2,,,,,,,,,,
UR,727,24.2,,,,,,,,,,
UR,730,21.6,,,,,,,,,,
UR,733,30.6,,,,,,,,,,
UR,734,35.9,,,,,,,,,,
UR,736,17.9,,,,,,,,,,
UR,738,34.3,,,,,,,,,,
UR,741,23,,,,,,,,,,
UR,743,28.4,,,,,,,,,,
UR,744,26.1,,,,,,,,,,
UR,751,25.1,,,,,,,,,,
UR,754,34.8,,,,,,,,,,
UR,756,25.1,,,,,,,,,,
UR,760,28.1,,,,,,,,,,
UR,763,27.4,,,,,,,,,,
UR,764,30.4,,,,,,,,,,
UR,767,29.9,,,,,,,,,,
UR,770,24,,,,,,,,,,
UR,771,23.9,,,,,,,,,,
UR,774,32.1,,,,,,,,,,
UR,779,25.1,,,,,,,,,,
UR,782,28.2,,,,,,,,,,
UR,783,27.8,,,,,,,,,,
UR,786,35.6,,,,,,,,,,
UR,790,30.6,,,,,,,,,,
UR,791,26.3,,,,,,,,,,
UR,793,35.1,,,,,,,,,,
UR,800,28.7,,,,,,,,,,
UR,802,29.6,,,,,,,,,,
UR,808,28.6,,,,,,,,,,
UR,809,28.6,,,,,,,,,,
UR,811,26.9,,,,,,,,,,
UR,812,18.2,,,,,,,,,,
UR,813,18.6,,,,,,,,,,
UR,814,22.7,,,,,,,,,,
URLI,500,11.4,,,0.393,0.049,,0.06,0.124681934,8.101,165.3265306,
URLI,502,10.3,,,0.52,0.073,,0.076,0.140384615,9.026,123.6438356,
URLI,503,9.8,,,0.309,0.041,,0.041,0.132686084,5.792,141.2682927,
URLI,507,15.1,,,1.291,0.179,0.268,0.447,0.138652208,18.735,104.6648045,
URLI,510,11.9,,,0.644,0.101,0.099,0.2,0.156832298,11.788,116.7128713,
URLI,515,11.4,,,0.497,0.099,0.083,0.182,0.199195171,8.37,84.54545455,
URLI,516,14.2,,,0.369,0.059,0.029,0.088,0.159891599,7.199,122.0169492,
URLI,517,11.2,,,0.408,0.065,0.122,0.187,0.159313725,6.709,103.2153846,
URLI,522,9.6,,,NA,,0.095,0.095,,7.362,,
URLI,528,9.5,,,0.602,0.132,0.095,0.227,0.219269103,11.407,86.41666667,
URLI,529,13.4,,,1.025,0.175,0.155,0.33,0.170731707,17.275,98.71428571,
URLI,532,8.6,,,0.498,0.074,0.106,0.18,0.148594378,8.819,119.1756757,
URLI,533,7.6,,,0.62,0.098,,0.116,0.158064516,12.407,126.6020408,
URLI,537,9.4,,,0.292,0.043,0.025,0.068,0.147260274,6.492,150.9767442,
URLI,538,8.8,,,0.293,0.057,0.047,0.104,0.194539249,4.913,86.19298246,
URLI,541,8.3,,,0.039,0.006,0.082,0.088,0.153846154,0.675,112.5,
URLI,542,9.1,,,0.226,0.032,0.035,0.067,0.14159292,4.329,135.28125,
URLI,546,6.8,,,0.196,0.033,0.05,0.083,0.168367347,3.667,111.1212121,
URLI,547,6.1,,,0.098,0.013,0.011,0.024,0.132653061,1.78,136.9230769,
URLI,548,10,,,0.336,0.055,0.093,0.148,0.163690476,6.065,110.2727273,
URLI,549,8.8,,,0.229,0.036,0.033,0.069,0.15720524,4.656,129.3333333,
URLI,552,12.9,,,NA,weird bumps?,,0.23,,,,
URLI,554,10.1,,,NA,,,0.186,,,,
URLI,561,8.3,,,0.215,0.035,0.038,0.073,0.162790698,4.424,126.4,
URLI,566,10.8,,,0.507,0.072,0.074,0.146,0.142011834,8.01,111.25,
URLI,567,5.4,,,0.088,0.013,0,0.013,0.147727273,1.714,131.8461538,
URLI,568,7.8,,,0.138,0.018,0.022,0.04,0.130434783,2.95,163.8888889,
URLI,572,7.3,,,0.267,0.042,0.059,0.101,0.157303371,5.487,130.6428571,
URLI,576,9.8,,,0.561,0.088,0.058,0.146,0.156862745,10.344,117.5454545,
URLI,578,7.4,,,0.304,0.049,0.029,0.078,0.161184211,6.262,127.7959184,
URLI,580,8.7,,,NA,0,0.048,0.048,,,,
URLI,583,7.3,,,0.19,0.028,0.074,0.102,0.147368421,2.971,106.1071429,
URLI,585,9.1,,,0.373,0.048,0.058,0.106,0.128686327,6.854,142.7916667,
URLI,589,8.6,,,0.322,0.047,0.027,0.074,0.145962733,6.396,136.0851064,
URLI,590,10.8,,,0.934,0.132,0.094,0.226,0.141327623,15.947,120.8106061,
URLI,593,7.2,,,NA,,,0.076,,,,
URLI,594,6.8,,,0.492,0.059,0.018,0.077,0.119918699,9.3,157.6271186,
URLI,598,9.4,,,0.489,0.073,0.04,0.113,0.149284254,9.989,136.8356164,
URLI,599,8.7,,,0.465,0.066,0.075,0.141,0.141935484,8.615,130.530303,
URLI,601,11.4,,,0.682,0.081,0.027,0.108,0.118768328,12.674,156.4691358,
URLI,606,6.6,,,0.371,0.048,0.012,0.06,0.129380054,7.159,149.1458333,
URLI,607,7.8,,,0.307,0.048,0.018,0.066,0.156351792,6.354,132.375,
URLI,608,9,,,0.361,0.043,0.017,0.06,0.119113573,7.309,169.9767442,
URLI,611,6.7,,,0.181,0.024,0.007,0.031,0.132596685,3.903,162.625,
URLI,616,7.5,,,0.364,0.052,0.042,0.094,0.142857143,7.241,139.25,
URLI,618,8.5,,,0.483,0.071,0.052,0.123,0.14699793,10.068,141.8028169,
URLI,623,8.9,,,0.446,0.06,0.031,0.091,0.134529148,8.34,139,
URLI,624,7.1,,,0.241,0.043,0.023,0.066,0.178423237,4.257,99,
URLI,627,6.9,,,0.07,0.014,0.005,0.019,0.2,1.715,122.5,
URLI,630,5.9,,,0.116,0.02,0.024,0.044,0.172413793,2.477,123.85,
URLI,633,5.8,,,0.164,0.026,0.013,0.039,0.158536585,3.312,127.3846154,
URLI,634,7.7,,,0.092,0.015,0.032,0.047,0.163043478,2.158,143.8666667,
URLI,638,7.6,,,0.221,0.035,0.02,0.055,0.158371041,4.313,123.2285714,
URLI,639,6.1,,,0.147,0.026,0.013,0.039,0.176870748,3.022,116.2307692,
URLI,643,6.1,,,0.156,0.025,0.009,0.034,0.16025641,3.211,128.44,
URLI,646,8.5,,,0.472,0.068,0.049,0.117,0.144067797,8.581,126.1911765,
URLI,650,9.1,,,0.431,0.065,0.054,0.119,0.150812065,8.843,136.0461538,
URLI,652,8.2,,,0.412,0.062,0.055,0.117,0.150485437,8.303,133.9193548,
URLI,653,8.3,,,0.359,0.059,0.047,0.106,0.164345404,6.712,113.7627119,
URLI,654,6.4,,,NA,,,0.025,,,,
URLI,661,6.5,,,0.3,0.054,0.019,0.073,0.18,6.08,112.5925926,
URLI,662,9.8,,,0.544,0.1,0.073,0.173,0.183823529,9.738,97.38,
URLI,664,6.8,,,0.139,0.021,0.024,0.045,0.151079137,2.835,135,
URLI,666,5.7,,,0.097,0.019,,0.019,0.195876289,1.794,94.42105263,
URLI,668,8.5,,,0.441,0.082,0.035,0.117,0.185941043,8.725,106.402439,
URLI,669,6.9,,,0.14,0.022,0.014,0.036,0.157142857,3.064,139.2727273,
URLI,670,9.8,,,0.374,0.061,0.028,0.089,0.163101604,7.23,118.5245902,
URLI,673,9,,,0.287,0.045,0.029,0.074,0.156794425,5.368,119.2888889,
URLI,680,10.3,,,0.375,0.056,0.023,0.079,0.149333333,6.983,124.6964286,
URLI,682,5.8,,,0.156,0.028,0.005,0.033,0.179487179,3.246,115.9285714,
URLI,683,6.4,,,0.226,0.041,0.034,0.075,0.181415929,4.685,114.2682927,
URLI,684,4.2,,,0.089,0.017,0.008,0.025,0.191011236,1.745,102.6470588,
URLI,689,7.3,,,0.323,0.061,0.036,0.097,0.188854489,6.209,101.7868852,
URLI,690,7.2,,,0.156,0.031,0.055,0.086,0.198717949,3.392,109.4193548,
URLI,694,8.9,,,0.5,0.086,0.068,0.154,0.172,8.494,98.76744186,
URLI,695,6.9,,,0.121,0.024,0.008,0.032,0.198347107,2.226,92.75,
URLI,700,10.5,,,0.481,0.089,0.042,0.131,0.185031185,7.853,88.23595506,
URLI,701,6.8,,,0.147,0.032,0.033,0.065,0.217687075,3.274,102.3125,
URLI,705,7,,,0.285,0.039,0.031,0.07,0.136842105,5.619,144.0769231,
URLI,709,8.2,,,0.231,0.041,0.018,0.059,0.177489177,4.642,113.2195122,
URLI,713,6.4,,,0.175,0.029,0.028,0.057,0.165714286,3.322,114.5517241,
URLI,717,6.4,,,0.167,0.031,0.002,0.033,0.185628743,2.889,93.19354839,
URLI,719,8,,,0.292,0.068,0.034,0.102,0.232876712,5.568,81.88235294,
URLI,721,7.2,,,0.267,0.037,0.012,0.049,0.138576779,4.883,131.972973,
URLI,723,7.2,,,0.162,0.024,0.012,0.036,0.148148148,3.585,149.375,
URLI,724,8.8,,,0.256,0.043,0.032,0.075,0.16796875,5.401,125.6046512,
URLI,727,4.9,,,0.133,0.026,0.002,0.028,0.195488722,2.756,106,
URLI,730,8.3,,,0.158,0.025,0.019,0.044,0.158227848,3.715,148.6,
URLI,733,8.5,,,0.157,0.026,0.048,0.074,0.165605096,3.233,124.3461538,
URLI,734,7.5,,,0.124,0.018,0.028,0.046,0.14516129,2.695,149.7222222,
URLI,736,8.8,,,0.23,0.037,0.016,0.053,0.160869565,4.341,117.3243243,
URLI,738,10.3,,,0.981,0.162,0.15,0.312,0.165137615,15.096,93.18518519,
URLI,741,4.3,,,0.035,0.005,0.003,0.008,0.142857143,0.74,148,
URLI,743,6.9,,,0.197,0.028,0.012,0.04,0.14213198,3.893,139.0357143,
URLI,744,8.5,,,0.165,0.038,0.018,0.056,0.23030303,3.19,83.94736842,
URLI,751,5.7,,,0.121,0.019,0.005,0.024,0.157024793,2.075,109.2105263,
URLI,754,5.4,,,0.213,0.037,0.027,0.064,0.17370892,4.071,110.027027,
URLI,756,11.8,,,0.51,0.079,0.035,0.114,0.154901961,9.868,124.9113924,
URLI,760,8.2,,,0.282,0.057,0.028,0.085,0.20212766,5.852,102.6666667,
URLI,763,10.6,,,0.591,0.082,0.028,0.11,0.138747885,11.22,136.8292683,
URLI,764,11.5,,,0.473,0.067,0.073,0.14,0.141649049,8.635,128.880597,
URLI,767,9.4,,,0.445,0.053,0.017,0.07,0.119101124,8.126,153.3207547,
URLI,770,8.5,,,0.165,0.032,0.066,0.098,0.193939394,3.346,104.5625,
URLI,771,6.9,,,0.211,0.041,0.015,0.056,0.194312796,4.197,102.3658537,
URLI,774,10.2,,,0.302,0.046,0.038,0.084,0.152317881,5.644,122.6956522,
URLI,779,8.3,,,0.508,0.077,0.051,0.128,0.151574803,9.352,121.4545455,
URLI,780,7.1,,,0.076,0.012,0.023,0.035,0.157894737,1.292,107.6666667,
URLI,782,8.3,,,0.42,0.07,0.069,0.139,0.166666667,6.913,98.75714286,
URLI,783,8,,,0.175,0.032,0.032,0.064,0.182857143,3.589,112.15625,
URLI,786,7.8,,,0.358,0.057,0.068,0.125,0.159217877,7.363,129.1754386,
URLI,790,7.9,,,0.283,0.043,0.055,0.098,0.151943463,5.517,128.3023256,
URLI,791,6.3,,,0.126,0.019,0.009,0.028,0.150793651,2.392,125.8947368,
URLI,793,9.1,,,0.578,0.101,0.037,0.138,0.174740484,9.797,97,
URLI,800,8.8,,,0.295,0.056,0.033,0.089,0.189830508,5.634,100.6071429,
URLI,802,5.9,,,0.061,0.018,0.019,0.037,0.295081967,1.871,103.9444444,
URLI,809,7.7,,,0.336,0.057,0.039,0.096,0.169642857,6.535,114.6491228,
URLI,811,5.9,,,0.175,0.037,0.006,0.043,0.211428571,3.235,87.43243243,
URLI,812,5.8,,,0.219,0.041,0.01,0.051,0.187214612,2.979,72.65853659,
URLI,813,5,,,0.126,0.02,0.002,0.022,0.158730159,2.005,100.25,
URLI,814,4.6,,,0.061,0.011,0.024,0.035,0.180327869,1.424,129.4545455,